source,target,value
6311224161920,3220887304840,1
6311224161920,2295187638056,1
6311224161920,9828423385245,1
6311224161920,7728863810233,1
6311224161920,3907667852291,1
6311224161920,5642240157958,1
6311224161920,2691374620707,1
6311224161920,7248755934478,1
6311224161920,5556096692445,1
6311224161920,1821204719757,1
6311224161920,5649286724588,1
6311224161920,3539897992654,1
6311224161920,9402347254113,1
6311224161920,2318402358983,1
6311224161920,7691515033994,1
6311224161920,9806585971681,1
6311224161920,6009714590449,1
6311224161920,7527056019600,1
6311224161920,7410347969691,1
6311224161920,8458373826685,1
6311224161920,2287417597346,1
6311224161920,5522710506731,1
6311224161920,5939970789493,1
6311224161920,6365383281116,1
6311224161920,2223091569990,1
6311224161920,8349035644132,1
6311224161920,6981628009459,1
6311224161920,6907866556890,1
5177855470282,2069916319597,1
5177855470282,9402347254113,1
5177855470282,8140608007226,1
5177855470282,8387224963350,1
5177855470282,6311224161920,1
5177855470282,3539897992654,1
5177855470282,6907866556890,1
5177855470282,6492117427178,1
5177855470282,7124989175134,1
5177855470282,7527056019600,1
5177855470282,7002896970305,1
5177855470282,7597010717504,1
5177855470282,8162329193647,1
5177855470282,2854413023330,1
5177855470282,4163332106407,1
1662281241562,8068678697433,1
4971336305477,8720506079453,1
4971336305477,5649286724588,1
4971336305477,5034953067561,1
4971336305477,1346000399085,1
4971336305477,2069916319597,1
4971336305477,5673084514892,1
4971336305477,2242679794946,1
4971336305477,7470566951454,1
4971336305477,3686524706487,1
4971336305477,2295187638056,1
4971336305477,8137315158673,1
4971336305477,2328338397815,1
4971336305477,8387224963350,1
4971336305477,7933042258816,1
4971336305477,2854413023330,1
4971336305477,9377034574483,1
4971336305477,9205326524742,1
4971336305477,6365383281116,1
4971336305477,6311224161920,1
4971336305477,3436708615826,1
4971336305477,4569046337732,1
4971336305477,1902706015925,1
4971336305477,1662281241562,1
4971336305477,6907866556890,1
4971336305477,8349035644132,1
4971336305477,2950746466527,1
4971336305477,8140608007226,1
4971336305477,8068678697433,1
4971336305477,9828423385245,1
3162396537722,7102481764106,1
3162396537722,3326061505014,1
3162396537722,1378449584059,1
3162396537722,9828423385245,1
3162396537722,5556096692445,1
3162396537722,3220887304840,1
3162396537722,5522710506731,1
3162396537722,5034953067561,1
3162396537722,2223091569990,1
3162396537722,7933042258816,1
3436708615826,9493438178945,1
3436708615826,1378449584059,1
3436708615826,8140608007226,1
3436708615826,1152069711070,1
3436708615826,5676114087979,1
3436708615826,6561391508314,1
3436708615826,7124989175134,1
3436708615826,2975229969255,1
3436708615826,2242679794946,1
3436708615826,4741274348977,1
3436708615826,8068678697433,1
3436708615826,2287417597346,1
3436708615826,7597010717504,1
3436708615826,6311224161920,1
3436708615826,2813347956607,1
3436708615826,7410347969691,1
3436708615826,2295187638056,1
3436708615826,7102481764106,1
3436708615826,6985950880696,1
3436708615826,5642240157958,1
3436708615826,4878273130283,1
3436708615826,7691515033994,1
3436708615826,9806585971681,1
3436708615826,4427480925848,1
5774383443016,9377034574483,1
5774383443016,3907667852291,1
5774383443016,2950746466527,1
5774383443016,1346000399085,1
5774383443016,2242679794946,1
5774383443016,6985950880696,1
7933042258816,1662281241562,1
7933042258816,3093267903213,1
7933042258816,1178943564140,1
7933042258816,3436708615826,1
7933042258816,6907866556890,1
7933042258816,2069916319597,1
7933042258816,8349035644132,1
7933042258816,5177855470282,1
7933042258816,6985950880696,1
7933042258816,7691515033994,1
7933042258816,4561690513904,1
7933042258816,9828423385245,1
7933042258816,6311224161920,1
7933042258816,4163332106407,1
7933042258816,8359963334211,1
7933042258816,8457503225858,1
7933042258816,8956774721553,1
7933042258816,4427480925848,1
7933042258816,2328338397815,1
3093267903213,3183282129615,1
3093267903213,5177855470282,1
3093267903213,9397828683505,1
3093267903213,2950746466527,1
3093267903213,9377034574483,1
3093267903213,5642240157958,1
3093267903213,2854413023330,1
3093267903213,9719574670041,1
3093267903213,2975229969255,1
3093267903213,4569046337732,1
3093267903213,9828423385245,1
3093267903213,3162396537722,1
3093267903213,6079307056706,1
3093267903213,1962120506061,1
3093267903213,4561690513904,1
3093267903213,4163332106407,1
3093267903213,6561391508314,1
3093267903213,8705875590413,1
3093267903213,5556096692445,1
3093267903213,5649286724588,1
3093267903213,9589183923418,1
3093267903213,6985950880696,1
3093267903213,7933042258816,1
3093267903213,7470566951454,1
3093267903213,6365383281116,1
3093267903213,8720506079453,1
3093267903213,8359963334211,1
1432600744559,9589183923418,1
1432600744559,7728863810233,1
1432600744559,4163332106407,1
1432600744559,5649286724588,1
1432600744559,4971336305477,1
1432600744559,2242679794946,1
1432600744559,6981628009459,1
1432600744559,2223091569990,1
1432600744559,6311224161920,1
8359963334211,3907667852291,1
8359963334211,7248755934478,1
8359963334211,6038484046300,1
8359963334211,4427480925848,1
8359963334211,8068678697433,1
8359963334211,4561690513904,1
8359963334211,7597010717504,1
8359963334211,7691515033994,1
8359963334211,8137315158673,1
8359963334211,2318402358983,1
8359963334211,2950746466527,1
8359963334211,2242679794946,1
4878273130283,1382658553841,1
4878273130283,2975229969255,1
4878273130283,2318402358983,1
4878273130283,7691515033994,1
4878273130283,2295187638056,1
4878273130283,3220887304840,1
4878273130283,5177855470282,1
4878273130283,5034953067561,1
4878273130283,7102481764106,1
4878273130283,9806585971681,1
4878273130283,3436708615826,1
4878273130283,4741274348977,1
4878273130283,6038484046300,1
4878273130283,9397828683505,1
4878273130283,5556096692445,1
4878273130283,9880053640213,1
4878273130283,2069916319597,1
4878273130283,7597010717504,1
4878273130283,3277150178277,1
4878273130283,3907667852291,1
4878273130283,9589183923418,1
4878273130283,3041227565014,1
4878273130283,5642240157958,1
4878273130283,7189154746120,1
7691515033994,2691374620707,1
7691515033994,4014251451944,1
7691515033994,1662281241562,1
7691515033994,4427480925848,1
7691515033994,9719574670041,1
7691515033994,7470566951454,1
7691515033994,4163332106407,1
7691515033994,3162396537722,1
7691515033994,9397828683505,1
7691515033994,2813347956607,1
7691515033994,3686524706487,1
7691515033994,7933042258816,1
7728863810233,8980816221194,1
7728863810233,9828423385245,1
7728863810233,6985950880696,1
7728863810233,6365383281116,1
7728863810233,6038484046300,1
7728863810233,7124989175134,1
7728863810233,9397828683505,1
7728863810233,6561391508314,1
7728863810233,5556096692445,1
7728863810233,9589183923418,1
7728863810233,1382658553841,1
7728863810233,2069916319597,1
7728863810233,6311224161920,1
7728863810233,7691515033994,1
7728863810233,9880053640213,1
7728863810233,3183282129615,1
7728863810233,5774383443016,1
7728863810233,7527056019600,1
7728863810233,2318402358983,1
7728863810233,2950746466527,1
7728863810233,8458373826685,1
7728863810233,4878273130283,1
5522710506731,6038484046300,1
5522710506731,3093267903213,1
5522710506731,5774383443016,1
5522710506731,2318402358983,1
5522710506731,4741274348977,1
5522710506731,9397828683505,1
5522710506731,4561690513904,1
5522710506731,8162329193647,1
5522710506731,7189154746120,1
5522710506731,9828423385245,1
5522710506731,4163332106407,1
5522710506731,7691515033994,1
5522710506731,3539897992654,1
5522710506731,8458373826685,1
5522710506731,8387224963350,1
5522710506731,7410347969691,1
5522710506731,1902706015925,1
5522710506731,8137315158673,1
5522710506731,9205326524742,1
5522710506731,2223091569990,1
5522710506731,5939970789493,1
5522710506731,1346000399085,1
5522710506731,8068678697433,1
5522710506731,6561391508314,1
5522710506731,5034953067561,1
5522710506731,3220887304840,1
5522710506731,7933042258816,1
5522710506731,7906545444827,1
5522710506731,2242679794946,1
5522710506731,7102481764106,1
5522710506731,4569046337732,1
5522710506731,5649286724588,1
5522710506731,6079307056706,1
6079307056706,7189154746120,1
6079307056706,2975229969255,1
6079307056706,2318402358983,1
6079307056706,5556096692445,1
6079307056706,1382658553841,1
6079307056706,3220887304840,1
1821204719757,5649286724588,1
1821204719757,7410347969691,1
1821204719757,8705875590413,1
1821204719757,1346000399085,1
1821204719757,4014251451944,1
1821204719757,7470566951454,1
2950746466527,1409534162962,1
2950746466527,6492117427178,1
2950746466527,6907866556890,1
2950746466527,2975229969255,1
2950746466527,9806585971681,1
2950746466527,8980816221194,1
2950746466527,7002896970305,1
2950746466527,7189154746120,1
2950746466527,9343884463227,1
5556096692445,4569046337732,1
5556096692445,9343884463227,1
5556096692445,9828423385245,1
5556096692445,6365383281116,1
5556096692445,1662281241562,1
5556096692445,7470566951454,1
5556096692445,1346000399085,1
5556096692445,9880053640213,1
5556096692445,5774383443016,1
5556096692445,1178943564140,1
5556096692445,1432600744559,1
5556096692445,7906545444827,1
5556096692445,2328338397815,1
5556096692445,5673084514892,1
5556096692445,9205326524742,1
5556096692445,9589183923418,1
5556096692445,9402347254113,1
5556096692445,5642240157958,1
5556096692445,8458373826685,1
7189154746120,8359963334211,1
7189154746120,8137315158673,1
7189154746120,6561391508314,1
7189154746120,5673084514892,1
7189154746120,7728863810233,1
7189154746120,9397828683505,1
7189154746120,3436708615826,1
7189154746120,2318402358983,1
7189154746120,3041227565014,1
7189154746120,8387224963350,1
7189154746120,7470566951454,1
7189154746120,8457503225858,1
7189154746120,6038484046300,1
7189154746120,1902706015925,1
7189154746120,1432600744559,1
7189154746120,6907866556890,1
7189154746120,6079307056706,1
7189154746120,9205326524742,1
7189154746120,4014251451944,1
5649286724588,1662281241562,1
5649286724588,8140608007226,1
5649286724588,6981628009459,1
5649286724588,1378449584059,1
5649286724588,2328338397815,1
5649286724588,4427480925848,1
5649286724588,3093267903213,1
5649286724588,1178943564140,1
5649286724588,9205326524742,1
5649286724588,2975229969255,1
5649286724588,1432600744559,1
5649286724588,1152069711070,1
5649286724588,6492117427178,1
1178943564140,8387224963350,1
1178943564140,8162329193647,1
1178943564140,8068678697433,1
1178943564140,2242679794946,1
1178943564140,7124989175134,1
1178943564140,3436708615826,1
1178943564140,3162396537722,1
1178943564140,5676114087979,1
1178943564140,2854413023330,1
1178943564140,8980816221194,1
1178943564140,7906545444827,1
1178943564140,3183282129615,1
1178943564140,7728863810233,1
1178943564140,7933042258816,1
1178943564140,8137315158673,1
1178943564140,1902706015925,1
1178943564140,9377034574483,1
1178943564140,2328338397815,1
1178943564140,8457503225858,1
1178943564140,5522710506731,1
1178943564140,4971336305477,1
1178943564140,6907866556890,1
1178943564140,2295187638056,1
5642240157958,5177855470282,1
5642240157958,4878273130283,1
5642240157958,5774383443016,1
5642240157958,3093267903213,1
3277150178277,3162396537722,1
3277150178277,9205326524742,1
3277150178277,6038484046300,1
3277150178277,1662281241562,1
3277150178277,1962120506061,1
3277150178277,4971336305477,1
3277150178277,8458373826685,1
3277150178277,8068678697433,1
3277150178277,5177855470282,1
3277150178277,9493438178945,1
3277150178277,8705875590413,1
3277150178277,2295187638056,1
3277150178277,7102481764106,1
3277150178277,2223091569990,1
3277150178277,7691515033994,1
3277150178277,3686524706487,1
3277150178277,4163332106407,1
3277150178277,1178943564140,1
3277150178277,2691374620707,1
3277150178277,6907866556890,1
3277150178277,3209488841623,1
3277150178277,8980816221194,1
3277150178277,2242679794946,1
3277150178277,6009714590449,1
3277150178277,4741274348977,1
3277150178277,1409534162962,1
3277150178277,5649286724588,1
3277150178277,9828423385245,1
3277150178277,5642240157958,1
3277150178277,2950746466527,1
3277150178277,3093267903213,1
4427480925848,7189154746120,1
4427480925848,8137315158673,1
4427480925848,8359963334211,1
4427480925848,9589183923418,1
4427480925848,5939970789493,1
4427480925848,3539897992654,1
4427480925848,2813347956607,1
4427480925848,3041227565014,1
4427480925848,8980816221194,1
4427480925848,5177855470282,1
4427480925848,2950746466527,1
4427480925848,4163332106407,1
4427480925848,6981628009459,1
4427480925848,6365383281116,1
4427480925848,1409534162962,1
4427480925848,3277150178277,1
4427480925848,9377034574483,1
4427480925848,3183282129615,1
4427480925848,4569046337732,1
4427480925848,3907667852291,1
4427480925848,2295187638056,1
4427480925848,7470566951454,1
4427480925848,9205326524742,1
4427480925848,2069916319597,1
4427480925848,1902706015925,1
4427480925848,1432600744559,1
4427480925848,2318402358983,1
4427480925848,5649286724588,1
4427480925848,2223091569990,1
4427480925848,2854413023330,1
7248755934478,2950746466527,1
7248755934478,5673084514892,1
7248755934478,9806585971681,1
7248755934478,3277150178277,1
7248755934478,1409534162962,1
7248755934478,8140608007226,1
7248755934478,9493438178945,1
7248755934478,1962120506061,1
7248755934478,3093267903213,1
7248755934478,8349035644132,1
7248755934478,7124989175134,1
7248755934478,3436708615826,1
8349035644132,3907667852291,1
8349035644132,2328338397815,1
8349035644132,9397828683505,1
8349035644132,9343884463227,1
8349035644132,8720506079453,1
8349035644132,7906545444827,1
8349035644132,6311224161920,1
8349035644132,1346000399085,1
8349035644132,8162329193647,1
8349035644132,6561391508314,1
8349035644132,7470566951454,1
8349035644132,3183282129615,1
8349035644132,9719574670041,1
8349035644132,6079307056706,1
8349035644132,7527056019600,1
8349035644132,2223091569990,1
8349035644132,5556096692445,1
8349035644132,9589183923418,1
8349035644132,1378449584059,1
8349035644132,5676114087979,1
8349035644132,5034953067561,1
8349035644132,9493438178945,1
8349035644132,3326061505014,1
8349035644132,4569046337732,1
8349035644132,5939970789493,1
8349035644132,7002896970305,1
8349035644132,9828423385245,1
2242679794946,2854413023330,1
2242679794946,3041227565014,1
2242679794946,7691515033994,1
2242679794946,8457503225858,1
2242679794946,8140608007226,1
2242679794946,3220887304840,1
2242679794946,8349035644132,1
2242679794946,2318402358983,1
2242679794946,9880053640213,1
2242679794946,2950746466527,1
2242679794946,2691374620707,1
2242679794946,4569046337732,1
2242679794946,3209488841623,1
2242679794946,8387224963350,1
2242679794946,4878273130283,1
2242679794946,9402347254113,1
2242679794946,1378449584059,1
2242679794946,7189154746120,1
2242679794946,4561690513904,1
2242679794946,5556096692445,1
2242679794946,5774383443016,1
2242679794946,6038484046300,1
2242679794946,1346000399085,1
2242679794946,1432600744559,1
2242679794946,6079307056706,1
2242679794946,6365383281116,1
2242679794946,9719574670041,1
2242679794946,3162396537722,1
2242679794946,6492117427178,1
2242679794946,8359963334211,1
2242679794946,2813347956607,1
2242679794946,2975229969255,1
2242679794946,4163332106407,1
2242679794946,7470566951454,1
2242679794946,7906545444827,1
2318402358983,5034953067561,1
2318402358983,5177855470282,1
2318402358983,4741274348977,1
2318402358983,7002896970305,1
2318402358983,2328338397815,1
2318402358983,4569046337732,1
2318402358983,8457503225858,1
2318402358983,6492117427178,1
2318402358983,4163332106407,1
2318402358983,4427480925848,1
2318402358983,1152069711070,1
2318402358983,6311224161920,1
2318402358983,5676114087979,1
2318402358983,9806585971681,1
2318402358983,9343884463227,1
2318402358983,7470566951454,1
2318402358983,6981628009459,1
2318402358983,9205326524742,1
2318402358983,8140608007226,1
2318402358983,3162396537722,1
2318402358983,7124989175134,1
2318402358983,5673084514892,1
2318402358983,7189154746120,1
2318402358983,8137315158673,1
2318402358983,3907667852291,1
2318402358983,3041227565014,1
2318402358983,2854413023330,1
2318402358983,9377034574483,1
2318402358983,5774383443016,1
2318402358983,1902706015925,1
2318402358983,8980816221194,1
9343884463227,4741274348977,1
9343884463227,2975229969255,1
9343884463227,7527056019600,1
9343884463227,6985950880696,1
9343884463227,7933042258816,1
9343884463227,4561690513904,1
9343884463227,6907866556890,1
9343884463227,8457503225858,1
9343884463227,9205326524742,1
9343884463227,4569046337732,1
9343884463227,1152069711070,1
9343884463227,9880053640213,1
9343884463227,5939970789493,1
9343884463227,7906545444827,1
9343884463227,5676114087979,1
9343884463227,7728863810233,1
9343884463227,3686524706487,1
9343884463227,9828423385245,1
9343884463227,1409534162962,1
4014251451944,2813347956607,1
4014251451944,4163332106407,1
4014251451944,8956774721553,1
4014251451944,8705875590413,1
4014251451944,1378449584059,1
4014251451944,9205326524742,1
4014251451944,2691374620707,1
4014251451944,5034953067561,1
4014251451944,3183282129615,1
4014251451944,9589183923418,1
4014251451944,7248755934478,1
4014251451944,8349035644132,1
3209488841623,7527056019600,1
3209488841623,5522710506731,1
3209488841623,4014251451944,1
3209488841623,1962120506061,1
6365383281116,8705875590413,1
6365383281116,1378449584059,1
6365383281116,2854413023330,1
6365383281116,6561391508314,1
6365383281116,7527056019600,1
6365383281116,1346000399085,1
6365383281116,6985950880696,1
6365383281116,3209488841623,1
6365383281116,1821204719757,1
6365383281116,8162329193647,1
6365383281116,8720506079453,1
6365383281116,7728863810233,1
6365383281116,3326061505014,1
6365383281116,6009714590449,1
6365383281116,3162396537722,1
6365383281116,9205326524742,1
6365383281116,1178943564140,1
6365383281116,5939970789493,1
6365383281116,7410347969691,1
6365383281116,7906545444827,1
6365383281116,4561690513904,1
6365383281116,9806585971681,1
6365383281116,9493438178945,1
6365383281116,4741274348977,1
6365383281116,5673084514892,1
6365383281116,2287417597346,1
6365383281116,7597010717504,1
6365383281116,8956774721553,1
6365383281116,2223091569990,1
6365383281116,7189154746120,1
6365383281116,3041227565014,1
6365383281116,2328338397815,1
6365383281116,3220887304840,1
6365383281116,3686524706487,1
6365383281116,6492117427178,1
8956774721553,5522710506731,1
8956774721553,3436708615826,1
8956774721553,5556096692445,1
8956774721553,7728863810233,1
8956774721553,5774383443016,1
8956774721553,2691374620707,1
8956774721553,6038484046300,1
6907866556890,7189154746120,1
6907866556890,7728863810233,1
6907866556890,9205326524742,1
6907866556890,6365383281116,1
6907866556890,2813347956607,1
6907866556890,3686524706487,1
6907866556890,9402347254113,1
6907866556890,7102481764106,1
6907866556890,3209488841623,1
6907866556890,4561690513904,1
6907866556890,8162329193647,1
6907866556890,8359963334211,1
6907866556890,7248755934478,1
6907866556890,3041227565014,1
6907866556890,2328338397815,1
6907866556890,8980816221194,1
6907866556890,6079307056706,1
6907866556890,5939970789493,1
6907866556890,8720506079453,1
6907866556890,1382658553841,1
6907866556890,6561391508314,1
6907866556890,6038484046300,1
6907866556890,8140608007226,1
6907866556890,8349035644132,1
6907866556890,3436708615826,1
6907866556890,8387224963350,1
9402347254113,6981628009459,1
9402347254113,7933042258816,1
9402347254113,1346000399085,1
9402347254113,2069916319597,1
9402347254113,6079307056706,1
9402347254113,4971336305477,1
9402347254113,9589183923418,1
9402347254113,3209488841623,1
9402347254113,8140608007226,1
1902706015925,7248755934478,1
1902706015925,9343884463227,1
1902706015925,2854413023330,1
1902706015925,9493438178945,1
1902706015925,3041227565014,1
1902706015925,2318402358983,1
1902706015925,7597010717504,1
1902706015925,3162396537722,1
1902706015925,7906545444827,1
1902706015925,6561391508314,1
1902706015925,1821204719757,1
1902706015925,9377034574483,1
1902706015925,3209488841623,1
1902706015925,6311224161920,1
1902706015925,8705875590413,1
1902706015925,8349035644132,1
1902706015925,2069916319597,1
1902706015925,1409534162962,1
1902706015925,3907667852291,1
1902706015925,4163332106407,1
1902706015925,7728863810233,1
1902706015925,8359963334211,1
1902706015925,4971336305477,1
1902706015925,5649286724588,1
1902706015925,8068678697433,1
1902706015925,2691374620707,1
1902706015925,1962120506061,1
9719574670041,2318402358983,1
9719574670041,3539897992654,1
9719574670041,7248755934478,1
9719574670041,4741274348977,1
9719574670041,3326061505014,1
9719574670041,8980816221194,1
9719574670041,9493438178945,1
9719574670041,6079307056706,1
9719574670041,1432600744559,1
7102481764106,9343884463227,1
7102481764106,3436708615826,1
7102481764106,4971336305477,1
7102481764106,9205326524742,1
7102481764106,1662281241562,1
7102481764106,7527056019600,1
7102481764106,4569046337732,1
7102481764106,6492117427178,1
7102481764106,5649286724588,1
7102481764106,2318402358983,1
7102481764106,1382658553841,1
7102481764106,7906545444827,1
7102481764106,4878273130283,1
7102481764106,8349035644132,1
7102481764106,8162329193647,1
7102481764106,1378449584059,1
7102481764106,2854413023330,1
7102481764106,7124989175134,1
7102481764106,6365383281116,1
7102481764106,6985950880696,1
7102481764106,7597010717504,1
1152069711070,3686524706487,1
1152069711070,6561391508314,1
1152069711070,7470566951454,1
1152069711070,2328338397815,1
1152069711070,8387224963350,1
1152069711070,1382658553841,1
1152069711070,9397828683505,1
1152069711070,9377034574483,1
1152069711070,3041227565014,1
7470566951454,4741274348977,1
7470566951454,7728863810233,1
7470566951454,4569046337732,1
7470566951454,4971336305477,1
7470566951454,2295187638056,1
7470566951454,3277150178277,1
7470566951454,5676114087979,1
7470566951454,6311224161920,1
7470566951454,6079307056706,1
7470566951454,3093267903213,1
7470566951454,2328338397815,1
7470566951454,4163332106407,1
7470566951454,3209488841623,1
7470566951454,8956774721553,1
7470566951454,7189154746120,1
7470566951454,9493438178945,1
7470566951454,8705875590413,1
9589183923418,7728863810233,1
9589183923418,9402347254113,1
9589183923418,8980816221194,1
9589183923418,1378449584059,1
9589183923418,7597010717504,1
9589183923418,8068678697433,1
9589183923418,6311224161920,1
9589183923418,3277150178277,1
9589183923418,8387224963350,1
9589183923418,6009714590449,1
9589183923418,3907667852291,1
9589183923418,3093267903213,1
9589183923418,1432600744559,1
9589183923418,3162396537722,1
9589183923418,5177855470282,1
9589183923418,2223091569990,1
9589183923418,3209488841623,1
9589183923418,6492117427178,1
9589183923418,1962120506061,1
9589183923418,1178943564140,1
9589183923418,3041227565014,1
9589183923418,8162329193647,1
9589183923418,3686524706487,1
9589183923418,9397828683505,1
9589183923418,7248755934478,1
9589183923418,8458373826685,1
9589183923418,1821204719757,1
2328338397815,9493438178945,1
2328338397815,1178943564140,1
2328338397815,4741274348977,1
2328338397815,7470566951454,1
2328338397815,4561690513904,1
2328338397815,9880053640213,1
2328338397815,1378449584059,1
2328338397815,7410347969691,1
2328338397815,5034953067561,1
2328338397815,8162329193647,1
2328338397815,7933042258816,1
8137315158673,2318402358983,1
8137315158673,5522710506731,1
8137315158673,9205326524742,1
8137315158673,9719574670041,1
8137315158673,7597010717504,1
8137315158673,1378449584059,1
8137315158673,7527056019600,1
8137315158673,8705875590413,1
8137315158673,8457503225858,1
8137315158673,6492117427178,1
2854413023330,9397828683505,1
2854413023330,7002896970305,1
2854413023330,5673084514892,1
2854413023330,6981628009459,1
2854413023330,5522710506731,1
2854413023330,1178943564140,1
2854413023330,9205326524742,1
2854413023330,3220887304840,1
2854413023330,7527056019600,1
2854413023330,3326061505014,1
2854413023330,2813347956607,1
2854413023330,6009714590449,1
2854413023330,2318402358983,1
2854413023330,7470566951454,1
2854413023330,1378449584059,1
2854413023330,3436708615826,1
2854413023330,8720506079453,1
2854413023330,1409534162962,1
2854413023330,6079307056706,1
2854413023330,5774383443016,1
2854413023330,2295187638056,1
2854413023330,4163332106407,1
2854413023330,8980816221194,1
2854413023330,9402347254113,1
2854413023330,3539897992654,1
2854413023330,3209488841623,1
2854413023330,2069916319597,1
2854413023330,9493438178945,1
2854413023330,2975229969255,1
1378449584059,2069916319597,1
1378449584059,5774383443016,1
1378449584059,9343884463227,1
1378449584059,3093267903213,1
1378449584059,7906545444827,1
1378449584059,4971336305477,1
1378449584059,9828423385245,1
1378449584059,9402347254113,1
1378449584059,8349035644132,1
1378449584059,3326061505014,1
1378449584059,7124989175134,1
1378449584059,7102481764106,1
1378449584059,1409534162962,1
1378449584059,6492117427178,1
1378449584059,3183282129615,1
1378449584059,7728863810233,1
1378449584059,6038484046300,1
1378449584059,8162329193647,1
1378449584059,2242679794946,1
1378449584059,6009714590449,1
1378449584059,7933042258816,1
1378449584059,1902706015925,1
1378449584059,4163332106407,1
7906545444827,5676114087979,1
7906545444827,7002896970305,1
7906545444827,7691515033994,1
7906545444827,7102481764106,1
7906545444827,6365383281116,1
7906545444827,4427480925848,1
7906545444827,1346000399085,1
7906545444827,8457503225858,1
7906545444827,2287417597346,1
7906545444827,3436708615826,1
7906545444827,2813347956607,1
7906545444827,8137315158673,1
7906545444827,7933042258816,1
7906545444827,7728863810233,1
7906545444827,6981628009459,1
3686524706487,2295187638056,1
3686524706487,7189154746120,1
3686524706487,3183282129615,1
3686524706487,7248755934478,1
3686524706487,9343884463227,1
3686524706487,3209488841623,1
3686524706487,5522710506731,1
3686524706487,5774383443016,1
3686524706487,2975229969255,1
3686524706487,6981628009459,1
3686524706487,7470566951454,1
3686524706487,6365383281116,1
3686524706487,6311224161920,1
3686524706487,1178943564140,1
3686524706487,7102481764106,1
3686524706487,1346000399085,1
3686524706487,6985950880696,1
3686524706487,4971336305477,1
3686524706487,7410347969691,1
3686524706487,2242679794946,1
3686524706487,7906545444827,1
3686524706487,9589183923418,1
3686524706487,8458373826685,1
3686524706487,2691374620707,1
3686524706487,8137315158673,1
3686524706487,9493438178945,1
3686524706487,3220887304840,1
4741274348977,3436708615826,1
4741274348977,6561391508314,1
4741274348977,5556096692445,1
4741274348977,2975229969255,1
4741274348977,9397828683505,1
4741274348977,2328338397815,1
4741274348977,2242679794946,1
4741274348977,7597010717504,1
4741274348977,5177855470282,1
4741274348977,9828423385245,1
4741274348977,9377034574483,1
4741274348977,1962120506061,1
4741274348977,4561690513904,1
8068678697433,2328338397815,1
8068678697433,3686524706487,1
8068678697433,4561690513904,1
8068678697433,3907667852291,1
8068678697433,1382658553841,1
8068678697433,8162329193647,1
8068678697433,9828423385245,1
8068678697433,5774383443016,1
8068678697433,2295187638056,1
8068678697433,5642240157958,1
8068678697433,4741274348977,1
8068678697433,1962120506061,1
8068678697433,1432600744559,1
8068678697433,1178943564140,1
8068678697433,5177855470282,1
8068678697433,9377034574483,1
8068678697433,5676114087979,1
8068678697433,9343884463227,1
8068678697433,7597010717504,1
8068678697433,7933042258816,1
8068678697433,4878273130283,1
8387224963350,9343884463227,1
8387224963350,5522710506731,1
8387224963350,8140608007226,1
8387224963350,2328338397815,1
8387224963350,3539897992654,1
8387224963350,6079307056706,1
8387224963350,1152069711070,1
8387224963350,3209488841623,1
8387224963350,5939970789493,1
8387224963350,1346000399085,1
8387224963350,7906545444827,1
8387224963350,9828423385245,1
8387224963350,5676114087979,1
8387224963350,5034953067561,1
4163332106407,7248755934478,1
4163332106407,2975229969255,1
4163332106407,4878273130283,1
4163332106407,7102481764106,1
4163332106407,1821204719757,1
4163332106407,1378449584059,1
4163332106407,1178943564140,1
4163332106407,9719574670041,1
4163332106407,2813347956607,1
4163332106407,6985950880696,1
4163332106407,2950746466527,1
3326061505014,4741274348977,1
3326061505014,7410347969691,1
3326061505014,4163332106407,1
3326061505014,8349035644132,1
3326061505014,6079307056706,1
3326061505014,2691374620707,1
3326061505014,8705875590413,1
3326061505014,5642240157958,1
9828423385245,9493438178945,1
9828423385245,8458373826685,1
9828423385245,5673084514892,1
9828423385245,2295187638056,1
9828423385245,1432600744559,1
9828423385245,4569046337732,1
9828423385245,7933042258816,1
9828423385245,5034953067561,1
9828423385245,2318402358983,1
9828423385245,5676114087979,1
9828423385245,6009714590449,1
9828423385245,5939970789493,1
9828423385245,9402347254113,1
9828423385245,1152069711070,1
1346000399085,3539897992654,1
1346000399085,8980816221194,1
1346000399085,8720506079453,1
1346000399085,2287417597346,1
1346000399085,2691374620707,1
1346000399085,3041227565014,1
1346000399085,4014251451944,1
1346000399085,7906545444827,1
1346000399085,9719574670041,1
1346000399085,6365383281116,1
1346000399085,6009714590449,1
1346000399085,1178943564140,1
1346000399085,7691515033994,1
1346000399085,9343884463227,1
1346000399085,2854413023330,1
1346000399085,6981628009459,1
1346000399085,8162329193647,1
1346000399085,7410347969691,1
1346000399085,8387224963350,1
1346000399085,7470566951454,1
8705875590413,6907866556890,1
8705875590413,6038484046300,1
8705875590413,1902706015925,1
8705875590413,3183282129615,1
8705875590413,9397828683505,1
8705875590413,1346000399085,1
8705875590413,1962120506061,1
8705875590413,3686524706487,1
8705875590413,8457503225858,1
8705875590413,7728863810233,1
8705875590413,2295187638056,1
8705875590413,7189154746120,1
8705875590413,9343884463227,1
8705875590413,5939970789493,1
8705875590413,4163332106407,1
8705875590413,9205326524742,1
8705875590413,3041227565014,1
8705875590413,2328338397815,1
8705875590413,6079307056706,1
8705875590413,5774383443016,1
8705875590413,5556096692445,1
8705875590413,9880053640213,1
8705875590413,5676114087979,1
8705875590413,8349035644132,1
8705875590413,1378449584059,1
8705875590413,8387224963350,1
8705875590413,9719574670041,1
8705875590413,4971336305477,1
8705875590413,8956774721553,1
8705875590413,5522710506731,1
8705875590413,8162329193647,1
8705875590413,7410347969691,1
8705875590413,6981628009459,1
8705875590413,3539897992654,1
2295187638056,2950746466527,1
2295187638056,3162396537722,1
2295187638056,5939970789493,1
2295187638056,9828423385245,1
2295187638056,3326061505014,1
2295187638056,3093267903213,1
2295187638056,6985950880696,1
2295187638056,5676114087979,1
2295187638056,7906545444827,1
2295187638056,7189154746120,1
2295187638056,1152069711070,1
2295187638056,5673084514892,1
2295187638056,4163332106407,1
2295187638056,6492117427178,1
2295187638056,8720506079453,1
2295187638056,2854413023330,1
2295187638056,8458373826685,1
2295187638056,3907667852291,1
2295187638056,6907866556890,1
2295187638056,8387224963350,1
2295187638056,1662281241562,1
2295187638056,4971336305477,1
2295187638056,1346000399085,1
2295187638056,6365383281116,1
2295187638056,5642240157958,1
9880053640213,5556096692445,1
9880053640213,8980816221194,1
9880053640213,1821204719757,1
9880053640213,4427480925848,1
9880053640213,7124989175134,1
9880053640213,3162396537722,1
9880053640213,2813347956607,1
9880053640213,8068678697433,1
9880053640213,5034953067561,1
9880053640213,2287417597346,1
3220887304840,4741274348977,1
3220887304840,7102481764106,1
3220887304840,8705875590413,1
3220887304840,6365383281116,1
3220887304840,7124989175134,1
3220887304840,9493438178945,1
3220887304840,3183282129615,1
3220887304840,5522710506731,1
3220887304840,1409534162962,1
3220887304840,6311224161920,1
3220887304840,7189154746120,1
3220887304840,4561690513904,1
9205326524742,1152069711070,1
9205326524742,7248755934478,1
9205326524742,4163332106407,1
9205326524742,6907866556890,1
9205326524742,3277150178277,1
9205326524742,4427480925848,1
9205326524742,3220887304840,1
9205326524742,5177855470282,1
9205326524742,9719574670041,1
9205326524742,4971336305477,1
9205326524742,3041227565014,1
9205326524742,6561391508314,1
9205326524742,3183282129615,1
9205326524742,8162329193647,1
9205326524742,6365383281116,1
9205326524742,1962120506061,1
9205326524742,7124989175134,1
9205326524742,7906545444827,1
9205326524742,4569046337732,1
9205326524742,2223091569990,1
9205326524742,8956774721553,1
9205326524742,5522710506731,1
9205326524742,3162396537722,1
9205326524742,1662281241562,1
7597010717504,9402347254113,1
7597010717504,2242679794946,1
7597010717504,2813347956607,1
7597010717504,2295187638056,1
7597010717504,6038484046300,1
7597010717504,8137315158673,1
7597010717504,8387224963350,1
7597010717504,9377034574483,1
7597010717504,5556096692445,1
7597010717504,9589183923418,1
7597010717504,6079307056706,1
7597010717504,8956774721553,1
7597010717504,2069916319597,1
7597010717504,3041227565014,1
2813347956607,9205326524742,1
2813347956607,5649286724588,1
2813347956607,1902706015925,1
2813347956607,1962120506061,1
2813347956607,2223091569990,1
2813347956607,6038484046300,1
2813347956607,4561690513904,1
2813347956607,4878273130283,1
2813347956607,4741274348977,1
2813347956607,7002896970305,1
2813347956607,1821204719757,1
2813347956607,7470566951454,1
2813347956607,9343884463227,1
2813347956607,6009714590449,1
2813347956607,5034953067561,1
2813347956607,7248755934478,1
8980816221194,9719574670041,1
8980816221194,6079307056706,1
8980816221194,1346000399085,1
8980816221194,1378449584059,1
8980816221194,2854413023330,1
8980816221194,9343884463227,1
8980816221194,5774383443016,1
8980816221194,5034953067561,1
8980816221194,2950746466527,1
8980816221194,1409534162962,1
8980816221194,8137315158673,1
8980816221194,3326061505014,1
8980816221194,8359963334211,1
8980816221194,9493438178945,1
8980816221194,7248755934478,1
8980816221194,5939970789493,1
8980816221194,2242679794946,1
8980816221194,5556096692445,1
8980816221194,7597010717504,1
8980816221194,6981628009459,1
8980816221194,9377034574483,1
8980816221194,1152069711070,1
8980816221194,4878273130283,1
8980816221194,9828423385245,1
8980816221194,9402347254113,1
8980816221194,8349035644132,1
8980816221194,3436708615826,1
8980816221194,5642240157958,1
8980816221194,1178943564140,1
8980816221194,4971336305477,1
2287417597346,6907866556890,1
2287417597346,2242679794946,1
2287417597346,5649286724588,1
2287417597346,9377034574483,1
2287417597346,3436708615826,1
2287417597346,1962120506061,1
2287417597346,3209488841623,1
2287417597346,8980816221194,1
6038484046300,4014251451944,1
6038484046300,5649286724588,1
6038484046300,5522710506731,1
6038484046300,3277150178277,1
6038484046300,7002896970305,1
6038484046300,3907667852291,1
6038484046300,9377034574483,1
6038484046300,8980816221194,1
6038484046300,9343884463227,1
6038484046300,5177855470282,1
6038484046300,2295187638056,1
6038484046300,9589183923418,1
6038484046300,1662281241562,1
6038484046300,3326061505014,1
6038484046300,4741274348977,1
6038484046300,8359963334211,1
9377034574483,3041227565014,1
9377034574483,3686524706487,1
9377034574483,3183282129615,1
9377034574483,3326061505014,1
9377034574483,4741274348977,1
9377034574483,3220887304840,1
9377034574483,3162396537722,1
9377034574483,2950746466527,1
9377034574483,5556096692445,1
9377034574483,7906545444827,1
9377034574483,3539897992654,1
9377034574483,9806585971681,1
1382658553841,6561391508314,1
1382658553841,9402347254113,1
1382658553841,2242679794946,1
1382658553841,6079307056706,1
1382658553841,2295187638056,1
1382658553841,6365383281116,1
3539897992654,2318402358983,1
3539897992654,2813347956607,1
3539897992654,9880053640213,1
3539897992654,6038484046300,1
3539897992654,1409534162962,1
3539897992654,8137315158673,1
3539897992654,9719574670041,1
3539897992654,3436708615826,1
3539897992654,4741274348977,1
3539897992654,6365383281116,1
3539897992654,7527056019600,1
3539897992654,9205326524742,1
3539897992654,4569046337732,1
3539897992654,3093267903213,1
3539897992654,2691374620707,1
3539897992654,8162329193647,1
3539897992654,8068678697433,1
3539897992654,8349035644132,1
3539897992654,3907667852291,1
3539897992654,6009714590449,1
3539897992654,6079307056706,1
3539897992654,2069916319597,1
3539897992654,8359963334211,1
3539897992654,2950746466527,1
3539897992654,2975229969255,1
3539897992654,7002896970305,1
3539897992654,8720506079453,1
3539897992654,2328338397815,1
3539897992654,1378449584059,1
3539897992654,6985950880696,1
3539897992654,7933042258816,1
3539897992654,2287417597346,1
3539897992654,1382658553841,1
5673084514892,8720506079453,1
5673084514892,1178943564140,1
5673084514892,3041227565014,1
5673084514892,5556096692445,1
5673084514892,7470566951454,1
5673084514892,6561391508314,1
5673084514892,4569046337732,1
5673084514892,9343884463227,1
5673084514892,6492117427178,1
5673084514892,2295187638056,1
5673084514892,9205326524742,1
5673084514892,4427480925848,1
5673084514892,5642240157958,1
5673084514892,3539897992654,1
5673084514892,8349035644132,1
5673084514892,7102481764106,1
5673084514892,9806585971681,1
5673084514892,2950746466527,1
5673084514892,2223091569990,1
5673084514892,2287417597346,1
5673084514892,9377034574483,1
5673084514892,1662281241562,1
5673084514892,6079307056706,1
5673084514892,2328338397815,1
9806585971681,2854413023330,1
9806585971681,7248755934478,1
9806585971681,8349035644132,1
9806585971681,8359963334211,1
2975229969255,5774383443016,1
2975229969255,9397828683505,1
2975229969255,5522710506731,1
2975229969255,7189154746120,1
2975229969255,5556096692445,1
2975229969255,2854413023330,1
2975229969255,6038484046300,1
2975229969255,9402347254113,1
2975229969255,4163332106407,1
2975229969255,4014251451944,1
2975229969255,9343884463227,1
2975229969255,8068678697433,1
2975229969255,3209488841623,1
2691374620707,7906545444827,1
2691374620707,5522710506731,1
2691374620707,2813347956607,1
2691374620707,6038484046300,1
2691374620707,3209488841623,1
2691374620707,9343884463227,1
2691374620707,8980816221194,1
2691374620707,1346000399085,1
2691374620707,2069916319597,1
2691374620707,7933042258816,1
2691374620707,8162329193647,1
2691374620707,9589183923418,1
2691374620707,8359963334211,1
2691374620707,1152069711070,1
2691374620707,9719574670041,1
2691374620707,6907866556890,1
2691374620707,4741274348977,1
2691374620707,2287417597346,1
2691374620707,7002896970305,1
2691374620707,7124989175134,1
2691374620707,9806585971681,1
2691374620707,6079307056706,1
2691374620707,6009714590449,1
2691374620707,2975229969255,1
2691374620707,7102481764106,1
2691374620707,8956774721553,1
2691374620707,2223091569990,1
2691374620707,4427480925848,1
2691374620707,2854413023330,1
2691374620707,7597010717504,1
2691374620707,6981628009459,1
2691374620707,1378449584059,1
2691374620707,7470566951454,1
2691374620707,8349035644132,1
2691374620707,5649286724588,1
2691374620707,5177855470282,1
2691374620707,9205326524742,1
8140608007226,1902706015925,1
8140608007226,1178943564140,1
8140608007226,8458373826685,1
8140608007226,7906545444827,1
8140608007226,1432600744559,1
8140608007226,8137315158673,1
8140608007226,3093267903213,1
8140608007226,3907667852291,1
8140608007226,5522710506731,1
8140608007226,8705875590413,1
8140608007226,9828423385245,1
8140608007226,2318402358983,1
5676114087979,7597010717504,1
5676114087979,6079307056706,1
5676114087979,7248755934478,1
5676114087979,8140608007226,1
5676114087979,6009714590449,1
5676114087979,4878273130283,1
5676114087979,7410347969691,1
5676114087979,5556096692445,1
5676114087979,4163332106407,1
5676114087979,6561391508314,1
5676114087979,6311224161920,1
5676114087979,5034953067561,1
5676114087979,2975229969255,1
5676114087979,1378449584059,1
5676114087979,3041227565014,1
5676114087979,3162396537722,1
5676114087979,1382658553841,1
5676114087979,7906545444827,1
5676114087979,2223091569990,1
5676114087979,3220887304840,1
5676114087979,1409534162962,1
5676114087979,4569046337732,1
5676114087979,8359963334211,1
5676114087979,8137315158673,1
5676114087979,1662281241562,1
8458373826685,4561690513904,1
8458373826685,7691515033994,1
8458373826685,9806585971681,1
8458373826685,8387224963350,1
8458373826685,5649286724588,1
8458373826685,2813347956607,1
8458373826685,6009714590449,1
8458373826685,3686524706487,1
8458373826685,8349035644132,1
8458373826685,2975229969255,1
8458373826685,7002896970305,1
8458373826685,5774383443016,1
8458373826685,2287417597346,1
8458373826685,9402347254113,1
8458373826685,3162396537722,1
8458373826685,1382658553841,1
8458373826685,9880053640213,1
8458373826685,9493438178945,1
8458373826685,8137315158673,1
8458373826685,4569046337732,1
8458373826685,2295187638056,1
8458373826685,8140608007226,1
8458373826685,6038484046300,1
8458373826685,7124989175134,1
7410347969691,2975229969255,1
7410347969691,6365383281116,1
7410347969691,2950746466527,1
7410347969691,6079307056706,1
7410347969691,8359963334211,1
2069916319597,6981628009459,1
2069916319597,1178943564140,1
2069916319597,6038484046300,1
2069916319597,6009714590449,1
1409534162962,7102481764106,1
1409534162962,3326061505014,1
1409534162962,2242679794946,1
1409534162962,6079307056706,1
1409534162962,9402347254113,1
1409534162962,4878273130283,1
1409534162962,1378449584059,1
1409534162962,5649286724588,1
1409534162962,5177855470282,1
1409534162962,2854413023330,1
1409534162962,2069916319597,1
1409534162962,2328338397815,1
1409534162962,9205326524742,1
1409534162962,1662281241562,1
1409534162962,5556096692445,1
1409534162962,2950746466527,1
1409534162962,7124989175134,1
1409534162962,5642240157958,1
1409534162962,1346000399085,1
1409534162962,1178943564140,1
1409534162962,3209488841623,1
2223091569990,5522710506731,1
2223091569990,3209488841623,1
2223091569990,5939970789493,1
2223091569990,6907866556890,1
2223091569990,9343884463227,1
2223091569990,4163332106407,1
2223091569990,9589183923418,1
2223091569990,9719574670041,1
2223091569990,2328338397815,1
2223091569990,2318402358983,1
2223091569990,2069916319597,1
2223091569990,7102481764106,1
2223091569990,7906545444827,1
2223091569990,7189154746120,1
2223091569990,7124989175134,1
2223091569990,7933042258816,1
2223091569990,9402347254113,1
2223091569990,2287417597346,1
2223091569990,5177855470282,1
2223091569990,8956774721553,1
2223091569990,7597010717504,1
2223091569990,3183282129615,1
2223091569990,5556096692445,1
2223091569990,8140608007226,1
2223091569990,8162329193647,1
2223091569990,9397828683505,1
2223091569990,3220887304840,1
6561391508314,6038484046300,1
6561391508314,4971336305477,1
6561391508314,1409534162962,1
6561391508314,3041227565014,1
6561391508314,4561690513904,1
6561391508314,1346000399085,1
6561391508314,8349035644132,1
6561391508314,7102481764106,1
6981628009459,6311224161920,1
6981628009459,8458373826685,1
6981628009459,6365383281116,1
6981628009459,5522710506731,1
6981628009459,6561391508314,1
6981628009459,6985950880696,1
6981628009459,9589183923418,1
6981628009459,5649286724588,1
6981628009459,7124989175134,1
6981628009459,2069916319597,1
6981628009459,5774383443016,1
6981628009459,3686524706487,1
6981628009459,4878273130283,1
6981628009459,7002896970305,1
6981628009459,3209488841623,1
6981628009459,7527056019600,1
6981628009459,1382658553841,1
6981628009459,8140608007226,1
6981628009459,2295187638056,1
6981628009459,3183282129615,1
6981628009459,1378449584059,1
6981628009459,9402347254113,1
6981628009459,3436708615826,1
6981628009459,1346000399085,1
6981628009459,2975229969255,1
6981628009459,5939970789493,1
6981628009459,3907667852291,1
8162329193647,5676114087979,1
8162329193647,1152069711070,1
8162329193647,6985950880696,1
8162329193647,4014251451944,1
8162329193647,9402347254113,1
8162329193647,4561690513904,1
8162329193647,8137315158673,1
8162329193647,7527056019600,1
8162329193647,3183282129615,1
8162329193647,9589183923418,1
8162329193647,6492117427178,1
8162329193647,3326061505014,1
8162329193647,4878273130283,1
8162329193647,7002896970305,1
8162329193647,8956774721553,1
8162329193647,6365383281116,1
8162329193647,2854413023330,1
8162329193647,8359963334211,1
8162329193647,9719574670041,1
8162329193647,9493438178945,1
8162329193647,7189154746120,1
8162329193647,8705875590413,1
8162329193647,1821204719757,1
8162329193647,6038484046300,1
9397828683505,8956774721553,1
9397828683505,2328338397815,1
9397828683505,4971336305477,1
9397828683505,2069916319597,1
9397828683505,1178943564140,1
9397828683505,3907667852291,1
9397828683505,6981628009459,1
9397828683505,3162396537722,1
9397828683505,9377034574483,1
9397828683505,8359963334211,1
4561690513904,9402347254113,1
4561690513904,9719574670041,1
4561690513904,1902706015925,1
4561690513904,1821204719757,1
4561690513904,3183282129615,1
4561690513904,4878273130283,1
4561690513904,3093267903213,1
4561690513904,1378449584059,1
4561690513904,3041227565014,1
4561690513904,2813347956607,1
4561690513904,3162396537722,1
4561690513904,1382658553841,1
4561690513904,2318402358983,1
4561690513904,3326061505014,1
4561690513904,6561391508314,1
4561690513904,3220887304840,1
4561690513904,8137315158673,1
4561690513904,5522710506731,1
4561690513904,5939970789493,1
4561690513904,1432600744559,1
4561690513904,6492117427178,1
4561690513904,6079307056706,1
4561690513904,7410347969691,1
4561690513904,5034953067561,1
4561690513904,2287417597346,1
4561690513904,6038484046300,1
4561690513904,5177855470282,1
4561690513904,3686524706487,1
4561690513904,8458373826685,1
4561690513904,5676114087979,1
4561690513904,2328338397815,1
3041227565014,6038484046300,1
3041227565014,8720506079453,1
3041227565014,8705875590413,1
3041227565014,3907667852291,1
3041227565014,9806585971681,1
3041227565014,4427480925848,1
3041227565014,5642240157958,1
3041227565014,1432600744559,1
3041227565014,4014251451944,1
3041227565014,6079307056706,1
3041227565014,1902706015925,1
3041227565014,8387224963350,1
3041227565014,3277150178277,1
3041227565014,7410347969691,1
3041227565014,2318402358983,1
3041227565014,2328338397815,1
3041227565014,9205326524742,1
3041227565014,6561391508314,1
3041227565014,1152069711070,1
3041227565014,3093267903213,1
3041227565014,5676114087979,1
3041227565014,5649286724588,1
3041227565014,6365383281116,1
3041227565014,7691515033994,1
3041227565014,8359963334211,1
7002896970305,5177855470282,1
7002896970305,9719574670041,1
7002896970305,8720506079453,1
7002896970305,9343884463227,1
7002896970305,8140608007226,1
7002896970305,3326061505014,1
7002896970305,3162396537722,1
7002896970305,4878273130283,1
7002896970305,5676114087979,1
7002896970305,1346000399085,1
7002896970305,6038484046300,1
7002896970305,8705875590413,1
7002896970305,6492117427178,1
7002896970305,5673084514892,1
7002896970305,1378449584059,1
7002896970305,2069916319597,1
7002896970305,1821204719757,1
7002896970305,2318402358983,1
7002896970305,3041227565014,1
7002896970305,8457503225858,1
7002896970305,7410347969691,1
7002896970305,2328338397815,1
7002896970305,3539897992654,1
7002896970305,1382658553841,1
7002896970305,2813347956607,1
7002896970305,7933042258816,1
7002896970305,9205326524742,1
7124989175134,2854413023330,1
7124989175134,8980816221194,1
7124989175134,6079307056706,1
7124989175134,3436708615826,1
7124989175134,8458373826685,1
7124989175134,6492117427178,1
7124989175134,5177855470282,1
7124989175134,1432600744559,1
7124989175134,5642240157958,1
7124989175134,9493438178945,1
7124989175134,9719574670041,1
7124989175134,9205326524742,1
7124989175134,6365383281116,1
7124989175134,7906545444827,1
7124989175134,3093267903213,1
7124989175134,9828423385245,1
7124989175134,1902706015925,1
1962120506061,7102481764106,1
1962120506061,9205326524742,1
1962120506061,4014251451944,1
1962120506061,5649286724588,1
1962120506061,6009714590449,1
1962120506061,9880053640213,1
1962120506061,5673084514892,1
1962120506061,3277150178277,1
1962120506061,6038484046300,1
1962120506061,8349035644132,1
1962120506061,9828423385245,1
1962120506061,1409534162962,1
1962120506061,5034953067561,1
1962120506061,8458373826685,1
1962120506061,3436708615826,1
1962120506061,2287417597346,1
1962120506061,4427480925848,1
1962120506061,4971336305477,1
1962120506061,6985950880696,1
1962120506061,8137315158673,1
1962120506061,3686524706487,1
1962120506061,8140608007226,1
1962120506061,7470566951454,1
1962120506061,5774383443016,1
1962120506061,8720506079453,1
1962120506061,8162329193647,1
1962120506061,7691515033994,1
1962120506061,1178943564140,1
1962120506061,3093267903213,1
8457503225858,3326061505014,1
8457503225858,7527056019600,1
8457503225858,9402347254113,1
8457503225858,8956774721553,1
8457503225858,7728863810233,1
8457503225858,6009714590449,1
8457503225858,6079307056706,1
8457503225858,4427480925848,1
8457503225858,7410347969691,1
8457503225858,3041227565014,1
8457503225858,7124989175134,1
8457503225858,8137315158673,1
8457503225858,3162396537722,1
8457503225858,5556096692445,1
8457503225858,4878273130283,1
8457503225858,6492117427178,1
8457503225858,3183282129615,1
8457503225858,2950746466527,1
8457503225858,1178943564140,1
8457503225858,7102481764106,1
8457503225858,4569046337732,1
8457503225858,3220887304840,1
4569046337732,1152069711070,1
4569046337732,1382658553841,1
4569046337732,7527056019600,1
4569046337732,9377034574483,1
4569046337732,3539897992654,1
4569046337732,7691515033994,1
4569046337732,8705875590413,1
4569046337732,2854413023330,1
4569046337732,2950746466527,1
4569046337732,5774383443016,1
4569046337732,4014251451944,1
4569046337732,9205326524742,1
4569046337732,2069916319597,1
4569046337732,7906545444827,1
4569046337732,3907667852291,1
4569046337732,3093267903213,1
4569046337732,8140608007226,1
4569046337732,3220887304840,1
4569046337732,2328338397815,1
4569046337732,7933042258816,1
4569046337732,9806585971681,1
4569046337732,8458373826685,1
4569046337732,1378449584059,1
4569046337732,3162396537722,1
4569046337732,9397828683505,1
4569046337732,5939970789493,1
4569046337732,8162329193647,1
4569046337732,7002896970305,1
4569046337732,6907866556890,1
4569046337732,3041227565014,1
4569046337732,7248755934478,1
4569046337732,1346000399085,1
9493438178945,8720506079453,1
9493438178945,2813347956607,1
9493438178945,7728863810233,1
9493438178945,8457503225858,1
9493438178945,2318402358983,1
9493438178945,1902706015925,1
9493438178945,6009714590449,1
9493438178945,5673084514892,1
9493438178945,7470566951454,1
9493438178945,8140608007226,1
8720506079453,2691374620707,1
8720506079453,9343884463227,1
8720506079453,7906545444827,1
8720506079453,4014251451944,1
8720506079453,7124989175134,1
8720506079453,4741274348977,1
8720506079453,1821204719757,1
8720506079453,9828423385245,1
8720506079453,1178943564140,1
8720506079453,5642240157958,1
8720506079453,9397828683505,1
8720506079453,7248755934478,1
8720506079453,1378449584059,1
8720506079453,8349035644132,1
8720506079453,2287417597346,1
8720506079453,1382658553841,1
8720506079453,9205326524742,1
7527056019600,6365383281116,1
7527056019600,8720506079453,1
7527056019600,4741274348977,1
5939970789493,9719574670041,1
5939970789493,8359963334211,1
5939970789493,2318402358983,1
5939970789493,5556096692445,1
5939970789493,8720506079453,1
5939970789493,2328338397815,1
5939970789493,1178943564140,1
5939970789493,5177855470282,1
5939970789493,9493438178945,1
5939970789493,7248755934478,1
5939970789493,9377034574483,1
5034953067561,7189154746120,1
5034953067561,8349035644132,1
5034953067561,6985950880696,1
5034953067561,6009714590449,1
5034953067561,1902706015925,1
5034953067561,8457503225858,1
5034953067561,3093267903213,1
5034953067561,9589183923418,1
5034953067561,4163332106407,1
5034953067561,3209488841623,1
5034953067561,8387224963350,1
5034953067561,6311224161920,1
5034953067561,1409534162962,1
5034953067561,9828423385245,1
5034953067561,5774383443016,1
6985950880696,1962120506061,1
6985950880696,9377034574483,1
6985950880696,6981628009459,1
6985950880696,2691374620707,1
6985950880696,8458373826685,1
6985950880696,3183282129615,1
6985950880696,7248755934478,1
6985950880696,7124989175134,1
6985950880696,6079307056706,1
6985950880696,2328338397815,1
6985950880696,4741274348977,1
6985950880696,9402347254113,1
6985950880696,1662281241562,1
6985950880696,8720506079453,1
6985950880696,2069916319597,1
6985950880696,2223091569990,1
6985950880696,4971336305477,1
6985950880696,1378449584059,1
6985950880696,4014251451944,1
6985950880696,5642240157958,1
6985950880696,2950746466527,1
6985950880696,6907866556890,1
6985950880696,5177855470282,1
6985950880696,7102481764106,1
6985950880696,2242679794946,1
6985950880696,7527056019600,1
6985950880696,4427480925848,1
6985950880696,1346000399085,1
6985950880696,7189154746120,1
6985950880696,8956774721553,1
6985950880696,5676114087979,1
3183282129615,9828423385245,1
3183282129615,8349035644132,1
3183282129615,6907866556890,1
3183282129615,7002896970305,1
3183282129615,5939970789493,1
3183282129615,8140608007226,1
3183282129615,1902706015925,1
3183282129615,1962120506061,1
3183282129615,8137315158673,1
3183282129615,7527056019600,1
3183282129615,7728863810233,1
3183282129615,4427480925848,1
3183282129615,6561391508314,1
3183282129615,5774383443016,1
3183282129615,3162396537722,1
3183282129615,6079307056706,1
3183282129615,2242679794946,1
3183282129615,5034953067561,1
3183282129615,3539897992654,1
3183282129615,2854413023330,1
3183282129615,9377034574483,1
6009714590449,7691515033994,1
6009714590449,2975229969255,1
6009714590449,1178943564140,1
6009714590449,2295187638056,1
6009714590449,2950746466527,1
6009714590449,8137315158673,1
6009714590449,2691374620707,1
6009714590449,5642240157958,1
6009714590449,1378449584059,1
6009714590449,1821204719757,1
6009714590449,6365383281116,1
6009714590449,8705875590413,1
6009714590449,6311224161920,1
6009714590449,9806585971681,1
6009714590449,3209488841623,1
6009714590449,3907667852291,1
6009714590449,2813347956607,1
6009714590449,9377034574483,1
6009714590449,8359963334211,1
6009714590449,7102481764106,1
6009714590449,9205326524742,1
6009714590449,7728863810233,1
6009714590449,6079307056706,1
6009714590449,5034953067561,1
6009714590449,4427480925848,1
6009714590449,1432600744559,1
6009714590449,3041227565014,1
6009714590449,8068678697433,1
6009714590449,1409534162962,1
6009714590449,9397828683505,1
3907667852291,2950746466527,1
3907667852291,7248755934478,1
3907667852291,4561690513904,1
3907667852291,2242679794946,1
3907667852291,9377034574483,1
3907667852291,2223091569990,1
3907667852291,5649286724588,1
3907667852291,6492117427178,1
3907667852291,2328338397815,1
3907667852291,6985950880696,1
3907667852291,9719574670041,1
3907667852291,6009714590449,1
3907667852291,4014251451944,1
3907667852291,9205326524742,1
3907667852291,4741274348977,1
3907667852291,1382658553841,1
3907667852291,8720506079453,1
3907667852291,6981628009459,1
3907667852291,6079307056706,1
3907667852291,3209488841623,1
3907667852291,6038484046300,1
3907667852291,1662281241562,1
3907667852291,7002896970305,1
3907667852291,5673084514892,1
3907667852291,1962120506061,1
3907667852291,9880053640213,1
3907667852291,2691374620707,1
3907667852291,4971336305477,1
3907667852291,9828423385245,1
3907667852291,1821204719757,1
3907667852291,3162396537722,1
3907667852291,1346000399085,1
3907667852291,9806585971681,1